Joshua Gonzales,ylloyd@phillips-campbell.com,1977-04-09,47
Alyssa Zuniga,tiffany87@yahoo.com,1987-08-21,37
Travis Evans,ianderson@pierce-butler.com,1970-10-01,54
Kelsey Mitchell,henryharvey@wallace.com,1983-10-26,41
Joseph Cox,tracy37@hotmail.com,1984-08-21,40
Ms. Megan Sanchez DDS,jessicacasey@yahoo.com,1977-01-28,47
James Schwartz,carolynharris@sloan-coleman.com,1951-08-25,73
Crystal Miller,jamesrodriguez@yahoo.com,1963-08-30,61
Christopher Welch,hjacobs@ball.biz,1971-09-17,53
Guy Butler,gregorylynn@williams.biz,1987-01-03,37
Amber Hernandez,twhite@yahoo.com,1946-01-23,78
Jacob Harris,shelleymiller@hotmail.com,1946-03-06,78
Stephanie Fitzgerald,kpayne@gmail.com,1950-08-06,74
Douglas Joseph,annechambers@gmail.com,1964-12-07,59
Luis Bass,kristamorgan@mccoy.com,1985-07-21,39
Sarah Barnes,debra28@gmail.com,1975-07-15,49
Kevin Walker,marcjones@yahoo.com,1950-09-11,74
Lindsey Andrews,tracy35@hoover.com,1978-02-22,46
Brenda Gonzalez,richardsonjenna@stone.net,1979-04-28,45
Jennifer Sanchez,riveravincent@page.com,2000-03-10,24
Julia Collins,bradley90@hotmail.com,1982-06-08,42
Brittany Gray,michaelriddle@yahoo.com,1948-09-21,76
Seth Floyd,duncanshannon@hotmail.com,1977-01-01,47
Tami Murphy,kennedyrodney@soto-porter.biz,1970-01-02,54
Karen Schwartz,thomasalejandra@miranda-marshall.net,1948-12-24,75
Kevin Collier,veronicastephens@hardy.org,1952-09-27,72
Erica Carrillo,amanda70@jordan.info,1989-07-07,35
Peter Jensen,martinwillis@eaton.com,1984-12-27,39
Jennifer Harris,becky66@gilmore.biz,1982-05-05,42
Donald Neal,lmaxwell@decker.com,1995-11-16,29
Michael Palmer,dwelch@hotmail.com,1968-07-09,56
Kayla Aguilar,robertwilliamson@yahoo.com,2004-12-16,19
Lisa Morris,ohill@george.com,1999-03-27,25
Michael Larsen,yharrison@atkins-martin.info,1967-07-07,57
Sheila Gray,petersonpatricia@fleming.biz,1949-05-13,75
Kenneth Glass,tiffanyrogers@hopkins.biz,1991-11-24,33
Michael Rodriguez,scottjocelyn@yahoo.com,1959-05-01,65
Jorge Blake MD,sydneyvasquez@oneal.com,1976-09-03,48
Charles Hernandez,rebecca37@mitchell.com,1966-02-01,58
Ryan Barnes,jasonroach@velazquez.com,1950-11-15,74
Joel Mcgee,turnermichelle@harris.com,1977-02-04,47
Raymond Herrera,rjohnson@morales.com,1998-02-03,26
Dr. Ryan Graham,michaelalvarado@vaughn-lopez.com,1976-12-13,47
Kathryn Moore,stephenbuck@marshall.com,1978-07-22,46
Lindsay Wilson,glara@gmail.com,1977-05-03,47
Roger Johnson,mwebster@may-brooks.info,1988-04-08,36
Scott Gomez,stephengould@knight.biz,1991-07-09,33
Paula Fleming,sromero@parker-allison.com,1984-08-01,40
Michael Cooper,shawnevans@reed.com,1945-08-09,79
Justin Schwartz,williamsmichael@gmail.com,1966-01-11,58
